﻿<?xml version="1.0" encoding="utf-8"?>
<deployment>
  <id>15861509-fd6b-4320-9097-e2b401ecc8d2</id>
  <author>N/A</author>
  <deployer>OneDeploy</deployer>
  <authorEmail>N/A</authorEmail>
  <message>OneDeploy</message>
  <progress></progress>
  <status>Success</status>
  <statusText></statusText>
  <lastSuccessEndTime>2025-10-18T04:54:11.0134054Z</lastSuccessEndTime>
  <receivedTime>2025-10-18T04:54:03.3382557Z</receivedTime>
  <startTime>2025-10-18T04:54:04.8989121Z</startTime>
  <endTime>2025-10-18T04:54:11.0134054Z</endTime>
  <complete>True</complete>
  <is_temp>False</is_temp>
  <is_readonly>True</is_readonly>
  <buildSummary />
</deployment>