<step title="Incoming Request" date="2025-10-18T10:42:13.708" instance="bbcb4c" url="/api/publish?type=zip" method="POST" type="request" pid="823,1,44" Accept="*/*" Host="medmsg-frontend.scm.azurewebsites.net" User-Agent="AZURECLI/2.77.0 (PIP)" Accept-Encoding="gzip, deflate" Authorization="Bea..." Cache-Control="no-cache" Content-Type="application/octet-stream" Cookie="ARRAffinity=bbcb4c6fd5316a15e062b65e948155d87c5a54dc6f0b6d37b17d78764689fc4a; ARRAffinitySameSite=bbcb4c6fd5316a15e062b65e948155d87c5a54dc6f0b6d37b17d78764689fc4a" Content-Length="525456" x-ms-client-request-id="1360f8ae-ac0f-11f0-a667-2af8bc5f4b79" x-ms-artifact-checksum="d29a7e5853e8e791f386cc7991f4b783d66552e6372b8173c20711cd60f92ae0" X-ARR-LOG-ID="1360f8ae-ac0f-11f0-a667-2af8bc5f4b79" CLIENT-IP="139.218.109.170:49788" X-SITE-DEPLOYMENT-ID="medmsg-frontend" WAS-DEFAULT-HOSTNAME="medmsg-frontend.scm.azurewebsites.net" X-Forwarded-Proto="https" X-AppService-Proto="https" X-Forwarded-TlsVersion="1.3" X-WAWS-Unencoded-URL="/api/publish?type=zip" X-Client-IP="139.218.109.170" X-Client-Port="49788" >
  <step title="Cleanup Xml Logs" date="2025-10-18T10:42:13.720" /><!-- duration: 7ms -->
  <step title="OneDeploy" date="2025-10-18T10:42:14.293" >
    <step title="None repository commit" date="2025-10-18T10:42:14.536" >
      <step title="Commit id: c213db4a-f054-4175-9ba0-9db6c0bf6070" date="2025-10-18T10:42:14.556" Message="N/A" AuthorName="N/A" AuthorEmail="N/A" /><!-- duration: 27ms -->
    </step><!-- duration: 89ms -->
    <step title="Starting PushDeployAsync" date="2025-10-18T10:42:14.664" /><!-- duration: 29ms -->
    <step title="Removing node_modules symlink" date="2025-10-18T10:42:15.016" >
      <step title="Removing _del_node_modules symlink" date="2025-10-18T10:42:15.407" >
        <step title="Writing artifact to /tmp/zipdeploy/51b4a344-c30c-4861-82d8-cde5fa800c91.zip" date="2025-10-18T10:42:15.538" >
          <step title="Writing multipart request body to /tmp/zipdeploy/51b4a344-c30c-4861-82d8-cde5fa800c91.zip" date="2025-10-18T10:42:15.571" /><!-- duration: 40ms -->
        </step><!-- duration: 938ms -->
        <step title="Attempting to fetch target branch HEAD" date="2025-10-18T10:42:16.563" /><!-- duration: 12ms -->
        <step title="Acquiring Deployment Lock" date="2025-10-18T10:42:16.644" /><!-- duration: 11ms -->
        <step title="Acquired Deployment Lock" date="2025-10-18T10:42:17.045" /><!-- duration: 12ms -->
        <step title="Performing fetch based deployment" date="2025-10-18T10:42:17.096" >
          <step title="Creating temporary deployment" date="2025-10-18T10:42:17.205" /><!-- duration: 453ms -->
          <step title="Releasing Deployment Lock" date="2025-10-18T10:42:19.391" /><!-- duration: 30ms -->
          <step title="Cleaning up temp folders from previous zip deployments and extracting pushed zip file /tmp/zipdeploy/51b4a344-c30c-4861-82d8-cde5fa800c91.zip (0.50 MB) to /tmp/zipdeploy/extracted" date="2025-10-18T10:42:19.580" >
            <step title="ChmodRecursive Process exited with total time taken in ms: 90" date="2025-10-18T10:42:20.051" /><!-- duration: 12ms -->
          </step><!-- duration: 522ms -->
          <step title="None repository commit" date="2025-10-18T10:42:20.148" >
            <step title="Commit id: c213db4a-f054-4175-9ba0-9db6c0bf6070" date="2025-10-18T10:42:20.160" Message="OneDeploy" AuthorName="N/A" AuthorEmail="N/A" /><!-- duration: 20ms -->
          </step><!-- duration: 60ms -->
          <step title="Deployment timer started" date="2025-10-18T10:42:22.395" >
            <step title="DeploymentManager.Deploy(id:c213db4a-f054-4175-9ba0-9db6c0bf6070)" date="2025-10-18T10:42:22.425" >
              <step title="Collecting changeset information" date="2025-10-18T10:42:22.575" /><!-- duration: 482ms -->
              <step title="Updating submodules" date="2025-10-18T10:42:23.099" /><!-- duration: 1475ms -->
              <step title="Determining deployment builder" date="2025-10-18T10:42:25.226" >
                <step title="Builder is OneDeployBuilder" date="2025-10-18T10:42:25.286" /><!-- duration: 11ms -->
              </step><!-- duration: 100ms -->
              <step title="PreDeployment: context.CleanOutputPath False" date="2025-10-18T10:42:25.500" >
                <step title="PreDeployment: context.OutputPath /home/site/wwwroot" date="2025-10-18T10:42:25.960" >
                  <step title="Building" date="2025-10-18T10:42:26.361" >
                    <step title="Executing external process" date="2025-10-18T10:42:28.131" type="process" path="starter.sh" arguments="/opt/Kudu/Scripts/parallel_rsync.sh /tmp/zipdeploy/extracted /home/site/wwwroot 8 /tmp/ False False  " /><!-- duration: 5972ms -->
                    <step title="Modified file to trigger a restart of the app container." date="2025-10-18T10:42:34.565" /><!-- duration: 3ms -->
                    <step title="Skip function trigger and logicapp sync because function is not enabled." date="2025-10-18T10:42:34.574" /><!-- duration: 9ms -->
                  </step><!-- duration: 9313ms -->
                </step><!-- duration: 9721ms -->
                <step title="Cleaning up temp files" date="2025-10-18T10:42:35.686" /><!-- duration: 4ms -->
                <step title="Cleaning up temp files" date="2025-10-18T10:42:35.694" /><!-- duration: 516ms -->
                <step title="Reloading status file with latest updates" date="2025-10-18T10:42:36.276" >
                  <step title="WebHooksManager.PublishEventAsync: PostDeployment" date="2025-10-18T10:42:36.280" /><!-- duration: 85ms -->
                </step><!-- duration: 92ms -->
                <step title="Cleaning up temporary deployment - fetch deployment was successful" date="2025-10-18T10:42:36.373" /><!-- duration: 3ms -->
              </step><!-- duration: 10957ms -->
            </step><!-- duration: 14038ms -->
            <step title="Outgoing response" date="2025-10-18T10:42:36.474" type="response" statusCode="200" statusText="OK" /><!-- duration: 3ms -->
          </step><!-- duration: 14085ms -->
