<step title="Incoming Request" date="2025-10-18T04:53:55.223" instance="bbcb4c" url="/api/publish?type=zip" method="POST" type="request" pid="820,1,23" Accept="*/*" Host="medmsg-frontend.scm.azurewebsites.net" User-Agent="AZURECLI/2.77.0 (PIP)" Accept-Encoding="gzip, deflate" Authorization="Bea..." Cache-Control="no-cache" Content-Type="application/octet-stream" Cookie="ARRAffinity=bbcb4c6fd5316a15e062b65e948155d87c5a54dc6f0b6d37b17d78764689fc4a; ARRAffinitySameSite=bbcb4c6fd5316a15e062b65e948155d87c5a54dc6f0b6d37b17d78764689fc4a" Content-Length="524577" x-ms-client-request-id="6ca988e4-abde-11f0-be61-acde48001122" x-ms-artifact-checksum="e158c37741db78279512695e54ff3c77b4c0685bf9bc9376565c3a18362dc934" X-ARR-LOG-ID="6ca988e4-abde-11f0-be61-acde48001122" CLIENT-IP="139.218.109.170:61172" X-SITE-DEPLOYMENT-ID="medmsg-frontend" WAS-DEFAULT-HOSTNAME="medmsg-frontend.scm.azurewebsites.net" X-Forwarded-Proto="https" X-AppService-Proto="https" X-Forwarded-TlsVersion="1.3" X-WAWS-Unencoded-URL="/api/publish?type=zip" X-Client-IP="139.218.109.170" X-Client-Port="61172" >
  <step title="OneDeploy" date="2025-10-18T04:53:55.457" >
    <step title="Starting PushDeployAsync" date="2025-10-18T04:53:55.486" /><!-- duration: 6ms -->
    <step title="Removing node_modules symlink" date="2025-10-18T04:53:55.549" >
      <step title="Writing artifact to /tmp/zipdeploy/57159e2a-f61d-46bf-9666-00ceda523adf.zip" date="2025-10-18T04:53:55.635" >
        <step title="Writing multipart request body to /tmp/zipdeploy/57159e2a-f61d-46bf-9666-00ceda523adf.zip" date="2025-10-18T04:53:55.641" /><!-- duration: 3ms -->
      </step><!-- duration: 91ms -->
      <step title="Attempting to fetch target branch HEAD" date="2025-10-18T04:53:55.737" /><!-- duration: 3ms -->
      <step title="Acquiring Deployment Lock" date="2025-10-18T04:53:55.754" /><!-- duration: 3ms -->
      <step title="Acquired Deployment Lock" date="2025-10-18T04:53:55.786" /><!-- duration: 4ms -->
      <step title="Performing fetch based deployment" date="2025-10-18T04:53:55.797" >
        <step title="Creating temporary deployment" date="2025-10-18T04:53:55.805" /><!-- duration: 67ms -->
        <step title="Releasing Deployment Lock" date="2025-10-18T04:53:57.163" /><!-- duration: 12ms -->
        <step title="Cleaning up temp folders from previous zip deployments and extracting pushed zip file /tmp/zipdeploy/57159e2a-f61d-46bf-9666-00ceda523adf.zip (0.50 MB) to /tmp/zipdeploy/extracted" date="2025-10-18T04:53:57.217" >
          <step title="ChmodRecursive Process exited with total time taken in ms: 41" date="2025-10-18T04:53:59.930" /><!-- duration: 11ms -->
        </step><!-- duration: 2791ms -->
        <step title="None repository commit" date="2025-10-18T04:54:00.033" >
          <step title="Commit id: 15861509-fd6b-4320-9097-e2b401ecc8d2" date="2025-10-18T04:54:00.041" Message="OneDeploy" AuthorName="N/A" AuthorEmail="N/A" /><!-- duration: 4ms -->
        </step><!-- duration: 15ms -->
        <step title="Deployment timer started" date="2025-10-18T04:54:03.086" >
          <step title="DeploymentManager.Deploy(id:15861509-fd6b-4320-9097-e2b401ecc8d2)" date="2025-10-18T04:54:03.116" >
            <step title="Collecting changeset information" date="2025-10-18T04:54:03.206" /><!-- duration: 230ms -->
            <step title="Updating submodules" date="2025-10-18T04:54:03.469" /><!-- duration: 1222ms -->
            <step title="Determining deployment builder" date="2025-10-18T04:54:04.964" >
              <step title="Builder is OneDeployBuilder" date="2025-10-18T04:54:04.987" /><!-- duration: 3ms -->
            </step><!-- duration: 32ms -->
            <step title="PreDeployment: context.CleanOutputPath False" date="2025-10-18T04:54:05.049" >
              <step title="PreDeployment: context.OutputPath /home/site/wwwroot" date="2025-10-18T04:54:05.237" >
                <step title="Building" date="2025-10-18T04:54:05.440" >
                  <step title="Executing external process" date="2025-10-18T04:54:06.386" type="process" path="starter.sh" arguments="/opt/Kudu/Scripts/parallel_rsync.sh /tmp/zipdeploy/extracted /home/site/wwwroot 8 /tmp/ False False  " /><!-- duration: 3730ms -->
                  <step title="Modified file to trigger a restart of the app container." date="2025-10-18T04:54:10.614" /><!-- duration: 3ms -->
                  <step title="Skip function trigger and logicapp sync because function is not enabled." date="2025-10-18T04:54:10.628" /><!-- duration: 3ms -->
                </step><!-- duration: 6031ms -->
              </step><!-- duration: 6243ms -->
              <step title="Cleaning up temp files" date="2025-10-18T04:54:11.482" /><!-- duration: 4ms -->
              <step title="Cleaning up temp files" date="2025-10-18T04:54:11.492" /><!-- duration: 508ms -->
              <step title="Reloading status file with latest updates" date="2025-10-18T04:54:12.024" >
                <step title="WebHooksManager.PublishEventAsync: PostDeployment" date="2025-10-18T04:54:12.028" /><!-- duration: 53ms -->
              </step><!-- duration: 63ms -->
              <step title="Cleaning up temporary deployment - fetch deployment was successful" date="2025-10-18T04:54:12.093" /><!-- duration: 3ms -->
            </step><!-- duration: 7122ms -->
          </step><!-- duration: 9064ms -->
          <step title="Outgoing response" date="2025-10-18T04:54:12.211" type="response" statusCode="200" statusText="OK" /><!-- duration: 12ms -->
        </step><!-- duration: 9140ms -->
