<step title="Incoming Request" date="2025-10-18T04:40:26.130" instance="bbcb4c" url="/api/publish?type=zip" method="POST" type="request" pid="820,1,29" Accept="*/*" Host="medmsg-frontend.scm.azurewebsites.net" User-Agent="AZURECLI/2.77.0 (PIP)" Accept-Encoding="gzip, deflate" Authorization="Bea..." Cache-Control="no-cache" Content-Type="application/octet-stream" Cookie="ARRAffinity=bbcb4c6fd5316a15e062b65e948155d87c5a54dc6f0b6d37b17d78764689fc4a; ARRAffinitySameSite=bbcb4c6fd5316a15e062b65e948155d87c5a54dc6f0b6d37b17d78764689fc4a" Content-Length="55297091" x-ms-client-request-id="889bf32c-abdc-11f0-be81-acde48001122" x-ms-artifact-checksum="90acf80fd858cc547687f77f7a1edebbf406cf682bf962704205046612914313" X-ARR-LOG-ID="889bf32c-abdc-11f0-be81-acde48001122" CLIENT-IP="139.218.109.170:60678" X-SITE-DEPLOYMENT-ID="medmsg-frontend" WAS-DEFAULT-HOSTNAME="medmsg-frontend.scm.azurewebsites.net" X-Forwarded-Proto="https" X-AppService-Proto="https" X-Forwarded-TlsVersion="1.3" X-WAWS-Unencoded-URL="/api/publish?type=zip" X-Client-IP="139.218.109.170" X-Client-Port="60678" >
  <step title="OneDeploy" date="2025-10-18T04:40:26.282" >
    <step title="None repository commit" date="2025-10-18T04:40:26.320" >
      <step title="Commit id: da8aa4d7-443d-4994-8441-14587da685c0" date="2025-10-18T04:40:26.324" Message="N/A" AuthorName="N/A" AuthorEmail="N/A" /><!-- duration: 3ms -->
    </step><!-- duration: 9ms -->
    <step title="Starting PushDeployAsync" date="2025-10-18T04:40:26.333" /><!-- duration: 4ms -->
    <step title="Removing node_modules symlink" date="2025-10-18T04:40:26.375" >
      <step title="Removing _del_node_modules symlink" date="2025-10-18T04:40:26.479" >
        <step title="Writing artifact to /tmp/zipdeploy/2f414a6f-be13-4af7-b8b9-753c1d438728.zip" date="2025-10-18T04:40:26.534" >
          <step title="Writing multipart request body to /tmp/zipdeploy/2f414a6f-be13-4af7-b8b9-753c1d438728.zip" date="2025-10-18T04:40:26.543" /><!-- duration: 10ms -->
        </step><!-- duration: 47314ms -->
        <step title="Attempting to fetch target branch HEAD" date="2025-10-18T04:41:13.868" /><!-- duration: 3ms -->
        <step title="Acquiring Deployment Lock" date="2025-10-18T04:41:13.886" /><!-- duration: 29ms -->
        <step title="Acquired Deployment Lock" date="2025-10-18T04:41:13.961" /><!-- duration: 4ms -->
        <step title="Performing fetch based deployment" date="2025-10-18T04:41:13.974" >
          <step title="Creating temporary deployment" date="2025-10-18T04:41:13.986" /><!-- duration: 61ms -->
          <step title="Releasing Deployment Lock" date="2025-10-18T04:41:15.247" /><!-- duration: 5ms -->
          <step title="Cleaning up temp folders from previous zip deployments and extracting pushed zip file /tmp/zipdeploy/2f414a6f-be13-4af7-b8b9-753c1d438728.zip (52.74 MB) to /tmp/zipdeploy/extracted" date="2025-10-18T04:41:15.318" >
            <step title="ChmodRecursive Process exited with total time taken in ms: 944" date="2025-10-18T04:41:39.760" /><!-- duration: 13ms -->
          </step><!-- duration: 24471ms -->
          <step title="None repository commit" date="2025-10-18T04:41:39.812" >
            <step title="Commit id: da8aa4d7-443d-4994-8441-14587da685c0" date="2025-10-18T04:41:39.824" Message="OneDeploy" AuthorName="N/A" AuthorEmail="N/A" /><!-- duration: 4ms -->
          </step><!-- duration: 19ms -->
          <step title="Deployment timer started" date="2025-10-18T04:41:41.844" >
            <step title="DeploymentManager.Deploy(id:da8aa4d7-443d-4994-8441-14587da685c0)" date="2025-10-18T04:41:41.870" >
              <step title="Collecting changeset information" date="2025-10-18T04:41:41.896" /><!-- duration: 128ms -->
              <step title="Updating submodules" date="2025-10-18T04:41:42.029" /><!-- duration: 1211ms -->
              <step title="Determining deployment builder" date="2025-10-18T04:41:43.514" >
                <step title="Builder is OneDeployBuilder" date="2025-10-18T04:41:43.529" /><!-- duration: 4ms -->
              </step><!-- duration: 23ms -->
              <step title="PreDeployment: context.CleanOutputPath False" date="2025-10-18T04:41:43.595" >
                <step title="PreDeployment: context.OutputPath /home/site/wwwroot" date="2025-10-18T04:41:43.727" >
                  <step title="Building" date="2025-10-18T04:41:43.908" >
                    <step title="Executing external process" date="2025-10-18T04:41:44.734" type="process" path="starter.sh" arguments="/opt/Kudu/Scripts/absoluteTar.sh /tmp/zipdeploy/extracted/node_modules /tmp/zipdeploy/extracted/node_modules.tar.gz" /><!-- duration: 52009ms -->
                    <step title="Executing external process" date="2025-10-18T04:42:37.491" type="process" path="starter.sh" arguments="/opt/Kudu/Scripts/parallel_rsync.sh /tmp/zipdeploy/extracted /home/site/wwwroot 8 /tmp/ False False node_modules " /><!-- duration: 9929ms -->
                    <step title="Modified file to trigger a restart of the app container." date="2025-10-18T04:42:48.402" /><!-- duration: 4ms -->
                    <step title="Skip function trigger and logicapp sync because function is not enabled." date="2025-10-18T04:42:48.419" /><!-- duration: 4ms -->
                  </step><!-- duration: 65237ms -->
                </step><!-- duration: 65426ms -->
                <step title="Cleaning up temp files" date="2025-10-18T04:42:49.156" /><!-- duration: 3ms -->
                <step title="Cleaning up temp files" date="2025-10-18T04:42:49.170" /><!-- duration: 506ms -->
                <step title="Reloading status file with latest updates" date="2025-10-18T04:42:49.726" >
                  <step title="WebHooksManager.PublishEventAsync: PostDeployment" date="2025-10-18T04:42:49.730" /><!-- duration: 89ms -->
                </step><!-- duration: 96ms -->
                <step title="Cleaning up temporary deployment - fetch deployment was successful" date="2025-10-18T04:42:49.827" /><!-- duration: 3ms -->
              </step><!-- duration: 66300ms -->
            </step><!-- duration: 68030ms -->
            <step title="Outgoing response" date="2025-10-18T04:42:49.918" type="response" statusCode="200" statusText="OK" /><!-- duration: 3ms -->
          </step><!-- duration: 68081ms -->
