<step title="Incoming Request" date="2025-10-18T12:43:55.047" instance="bbcb4c" url="/api/publish?type=zip" method="POST" type="request" pid="823,1,60" Accept="*/*" Host="medmsg-frontend.scm.azurewebsites.net" User-Agent="AZURECLI/2.77.0 (PIP)" Accept-Encoding="gzip, deflate" Authorization="Bea..." Cache-Control="no-cache" Content-Type="application/octet-stream" Cookie="ARRAffinity=bbcb4c6fd5316a15e062b65e948155d87c5a54dc6f0b6d37b17d78764689fc4a; ARRAffinitySameSite=bbcb4c6fd5316a15e062b65e948155d87c5a54dc6f0b6d37b17d78764689fc4a" Content-Length="1437289" x-ms-client-request-id="1438ac66-ac20-11f0-8761-2af8bc5f4b79" x-ms-artifact-checksum="41a0ccf1ac6fef3908e8e71a6b950377af79fb0c769e8c2bbb318836cbfaccbe" X-ARR-LOG-ID="1438ac66-ac20-11f0-8761-2af8bc5f4b79" CLIENT-IP="139.218.109.170:53448" X-SITE-DEPLOYMENT-ID="medmsg-frontend" WAS-DEFAULT-HOSTNAME="medmsg-frontend.scm.azurewebsites.net" X-Forwarded-Proto="https" X-AppService-Proto="https" X-Forwarded-TlsVersion="1.3" X-WAWS-Unencoded-URL="/api/publish?type=zip" X-Client-IP="139.218.109.170" X-Client-Port="53448" >
  <step title="Cleanup Xml Logs" date="2025-10-18T12:43:55.052" /><!-- duration: 9ms -->
  <step title="OneDeploy" date="2025-10-18T12:43:55.148" >
    <step title="Starting PushDeployAsync" date="2025-10-18T12:43:55.185" /><!-- duration: 4ms -->
    <step title="Removing node_modules symlink" date="2025-10-18T12:43:55.201" >
      <step title="Removing _del_node_modules symlink" date="2025-10-18T12:43:55.399" >
        <step title="Writing artifact to /tmp/zipdeploy/e4c68bed-9206-469b-88a9-e2bfcd8fbfd7.zip" date="2025-10-18T12:43:55.459" >
          <step title="Writing multipart request body to /tmp/zipdeploy/e4c68bed-9206-469b-88a9-e2bfcd8fbfd7.zip" date="2025-10-18T12:43:55.468" /><!-- duration: 11ms -->
        </step><!-- duration: 150ms -->
        <step title="Attempting to fetch target branch HEAD" date="2025-10-18T12:43:55.622" /><!-- duration: 4ms -->
        <step title="Acquiring Deployment Lock" date="2025-10-18T12:43:55.637" /><!-- duration: 6ms -->
        <step title="Acquired Deployment Lock" date="2025-10-18T12:43:55.691" /><!-- duration: 4ms -->
        <step title="Performing fetch based deployment" date="2025-10-18T12:43:55.702" >
          <step title="Creating temporary deployment" date="2025-10-18T12:43:55.714" /><!-- duration: 77ms -->
          <step title="Releasing Deployment Lock" date="2025-10-18T12:43:57.001" /><!-- duration: 4ms -->
          <step title="Cleaning up temp folders from previous zip deployments and extracting pushed zip file /tmp/zipdeploy/e4c68bed-9206-469b-88a9-e2bfcd8fbfd7.zip (1.37 MB) to /tmp/zipdeploy/extracted" date="2025-10-18T12:43:57.037" >
            <step title="ChmodRecursive Process exited with total time taken in ms: 122" date="2025-10-18T12:43:58.125" /><!-- duration: 12ms -->
          </step><!-- duration: 1118ms -->
          <step title="None repository commit" date="2025-10-18T12:43:58.167" >
            <step title="Commit id: 4d43c3bf-3b8a-435c-aed8-58c3a64cbac0" date="2025-10-18T12:43:58.177" Message="OneDeploy" AuthorName="N/A" AuthorEmail="N/A" /><!-- duration: 4ms -->
          </step><!-- duration: 18ms -->
          <step title="Deployment timer started" date="2025-10-18T12:44:00.193" >
            <step title="DeploymentManager.Deploy(id:4d43c3bf-3b8a-435c-aed8-58c3a64cbac0)" date="2025-10-18T12:44:00.199" >
              <step title="Collecting changeset information" date="2025-10-18T12:44:00.227" /><!-- duration: 94ms -->
              <step title="Updating submodules" date="2025-10-18T12:44:00.326" /><!-- duration: 1129ms -->
              <step title="Determining deployment builder" date="2025-10-18T12:44:01.857" >
                <step title="Builder is OneDeployBuilder" date="2025-10-18T12:44:01.877" /><!-- duration: 10ms -->
              </step><!-- duration: 41ms -->
              <step title="PreDeployment: context.CleanOutputPath False" date="2025-10-18T12:44:01.989" >
                <step title="PreDeployment: context.OutputPath /home/site/wwwroot" date="2025-10-18T12:44:02.331" >
                  <step title="Building" date="2025-10-18T12:44:02.674" >
                    <step title="Executing external process" date="2025-10-18T12:44:04.119" type="process" path="starter.sh" arguments="/opt/Kudu/Scripts/absoluteTar.sh /tmp/zipdeploy/extracted/node_modules /tmp/zipdeploy/extracted/node_modules.tar.gz" /><!-- duration: 543ms -->
                    <step title="Executing external process" date="2025-10-18T12:44:04.918" type="process" path="starter.sh" arguments="/opt/Kudu/Scripts/parallel_rsync.sh /tmp/zipdeploy/extracted /home/site/wwwroot 8 /tmp/ False False node_modules " /><!-- duration: 4174ms -->
                    <step title="Modified file to trigger a restart of the app container." date="2025-10-18T12:44:10.246" /><!-- duration: 3ms -->
                    <step title="Skip function trigger and logicapp sync because function is not enabled." date="2025-10-18T12:44:10.258" /><!-- duration: 11ms -->
                    <step title="Purge deployment items" date="2025-10-18T12:44:11.448" >
                      <step title="Remove da8aa4d7-, Success, received at 10/18/2025 04:41:41" date="2025-10-18T12:44:11.506" /><!-- duration: 5ms -->
                    </step><!-- duration: 67ms -->
                  </step><!-- duration: 8906ms -->
                </step><!-- duration: 9254ms -->
                <step title="Cleaning up temp files" date="2025-10-18T12:44:11.588" /><!-- duration: 4ms -->
                <step title="Cleaning up temp files" date="2025-10-18T12:44:11.597" /><!-- duration: 509ms -->
                <step title="Reloading status file with latest updates" date="2025-10-18T12:44:12.152" >
                  <step title="WebHooksManager.PublishEventAsync: PostDeployment" date="2025-10-18T12:44:12.157" /><!-- duration: 124ms -->
                </step><!-- duration: 132ms -->
                <step title="Cleaning up temporary deployment - fetch deployment was successful" date="2025-10-18T12:44:12.291" /><!-- duration: 5ms -->
              </step><!-- duration: 10377ms -->
            </step><!-- duration: 12171ms -->
            <step title="Outgoing response" date="2025-10-18T12:44:12.376" type="response" statusCode="200" statusText="OK" /><!-- duration: 5ms -->
          </step><!-- duration: 12196ms -->
