<step title="Incoming Request" date="2025-10-18T05:50:45.585" instance="bbcb4c" url="/api/publish?type=zip" method="POST" type="request" pid="820,1,28" Accept="*/*" Host="medmsg-frontend.scm.azurewebsites.net" User-Agent="AZURECLI/2.77.0 (PIP)" Accept-Encoding="gzip, deflate" Authorization="Bea..." Cache-Control="no-cache" Content-Type="application/octet-stream" Cookie="ARRAffinity=bbcb4c6fd5316a15e062b65e948155d87c5a54dc6f0b6d37b17d78764689fc4a; ARRAffinitySameSite=bbcb4c6fd5316a15e062b65e948155d87c5a54dc6f0b6d37b17d78764689fc4a" Content-Length="524623" x-ms-client-request-id="5db56dd2-abe6-11f0-adfa-acde48001122" x-ms-artifact-checksum="799b90b78657356ea8f08ab86ed9b923d50054258286bc00b7a194bebab65294" X-ARR-LOG-ID="5db56dd2-abe6-11f0-adfa-acde48001122" CLIENT-IP="139.218.109.170:63267" X-SITE-DEPLOYMENT-ID="medmsg-frontend" WAS-DEFAULT-HOSTNAME="medmsg-frontend.scm.azurewebsites.net" X-Forwarded-Proto="https" X-AppService-Proto="https" X-Forwarded-TlsVersion="1.3" X-WAWS-Unencoded-URL="/api/publish?type=zip" X-Client-IP="139.218.109.170" X-Client-Port="63267" >
  <step title="OneDeploy" date="2025-10-18T05:50:45.771" >
    <step title="Starting PushDeployAsync" date="2025-10-18T05:50:45.792" /><!-- duration: 7ms -->
    <step title="Removing node_modules symlink" date="2025-10-18T05:50:45.818" >
      <step title="Removing _del_node_modules symlink" date="2025-10-18T05:50:45.966" >
        <step title="Writing artifact to /tmp/zipdeploy/e2885c29-985f-4f66-938f-e4a1c8e537f1.zip" date="2025-10-18T05:50:46.038" >
          <step title="Writing multipart request body to /tmp/zipdeploy/e2885c29-985f-4f66-938f-e4a1c8e537f1.zip" date="2025-10-18T05:50:46.058" /><!-- duration: 20ms -->
        </step><!-- duration: 278ms -->
        <step title="Attempting to fetch target branch HEAD" date="2025-10-18T05:50:46.331" /><!-- duration: 3ms -->
        <step title="Acquiring Deployment Lock" date="2025-10-18T05:50:46.343" /><!-- duration: 16ms -->
        <step title="Acquired Deployment Lock" date="2025-10-18T05:50:46.393" /><!-- duration: 6ms -->
        <step title="Performing fetch based deployment" date="2025-10-18T05:50:46.414" >
          <step title="Creating temporary deployment" date="2025-10-18T05:50:46.441" /><!-- duration: 97ms -->
          <step title="Releasing Deployment Lock" date="2025-10-18T05:50:47.764" /><!-- duration: 6ms -->
          <step title="Cleaning up temp folders from previous zip deployments and extracting pushed zip file /tmp/zipdeploy/e2885c29-985f-4f66-938f-e4a1c8e537f1.zip (0.50 MB) to /tmp/zipdeploy/extracted" date="2025-10-18T05:50:47.817" >
            <step title="ChmodRecursive Process exited with total time taken in ms: 41" date="2025-10-18T05:50:48.212" /><!-- duration: 28ms -->
          </step><!-- duration: 428ms -->
          <step title="None repository commit" date="2025-10-18T05:50:48.275" >
            <step title="Commit id: 63630363-4b3a-4b1e-9f61-f12e6c40e49e" date="2025-10-18T05:50:48.281" Message="OneDeploy" AuthorName="N/A" AuthorEmail="N/A" /><!-- duration: 4ms -->
          </step><!-- duration: 12ms -->
          <step title="Deployment timer started" date="2025-10-18T05:50:50.299" >
            <step title="DeploymentManager.Deploy(id:63630363-4b3a-4b1e-9f61-f12e6c40e49e)" date="2025-10-18T05:50:50.305" >
              <step title="Collecting changeset information" date="2025-10-18T05:50:50.332" /><!-- duration: 105ms -->
              <step title="Updating submodules" date="2025-10-18T05:50:50.443" /><!-- duration: 1137ms -->
              <step title="Determining deployment builder" date="2025-10-18T05:50:52.401" >
                <step title="Builder is OneDeployBuilder" date="2025-10-18T05:50:52.444" /><!-- duration: 4ms -->
              </step><!-- duration: 62ms -->
              <step title="PreDeployment: context.CleanOutputPath False" date="2025-10-18T05:50:52.531" >
                <step title="PreDeployment: context.OutputPath /home/site/wwwroot" date="2025-10-18T05:50:52.760" >
                  <step title="Building" date="2025-10-18T05:50:53.031" >
                    <step title="Executing external process" date="2025-10-18T05:50:53.930" type="process" path="starter.sh" arguments="/opt/Kudu/Scripts/parallel_rsync.sh /tmp/zipdeploy/extracted /home/site/wwwroot 8 /tmp/ False False  " /><!-- duration: 4289ms -->
                    <step title="Modified file to trigger a restart of the app container." date="2025-10-18T05:50:58.797" /><!-- duration: 4ms -->
                    <step title="Skip function trigger and logicapp sync because function is not enabled." date="2025-10-18T05:50:58.806" /><!-- duration: 14ms -->
                  </step><!-- duration: 6756ms -->
                </step><!-- duration: 7034ms -->
                <step title="Cleaning up temp files" date="2025-10-18T05:50:59.798" /><!-- duration: 11ms -->
                <step title="Cleaning up temp files" date="2025-10-18T05:50:59.813" /><!-- duration: 506ms -->
                <step title="Reloading status file with latest updates" date="2025-10-18T05:51:00.369" >
                  <step title="WebHooksManager.PublishEventAsync: PostDeployment" date="2025-10-18T05:51:00.372" /><!-- duration: 42ms -->
                </step><!-- duration: 50ms -->
                <step title="Cleaning up temporary deployment - fetch deployment was successful" date="2025-10-18T05:51:00.443" /><!-- duration: 4ms -->
              </step><!-- duration: 7983ms -->
            </step><!-- duration: 10214ms -->
            <step title="Outgoing response" date="2025-10-18T05:51:00.527" type="response" statusCode="200" statusText="OK" /><!-- duration: 4ms -->
          </step><!-- duration: 10235ms -->
