<step title="Incoming Request" date="2025-10-18T06:15:42.064" instance="bbcb4c" url="/api/publish?type=zip" method="POST" type="request" pid="820,1,31" Accept="*/*" Host="medmsg-frontend.scm.azurewebsites.net" User-Agent="AZURECLI/2.77.0 (PIP)" Accept-Encoding="gzip, deflate" Authorization="Bea..." Cache-Control="no-cache" Content-Type="application/octet-stream" Cookie="ARRAffinity=bbcb4c6fd5316a15e062b65e948155d87c5a54dc6f0b6d37b17d78764689fc4a; ARRAffinitySameSite=bbcb4c6fd5316a15e062b65e948155d87c5a54dc6f0b6d37b17d78764689fc4a" Content-Length="524661" x-ms-client-request-id="dbbaabfe-abe9-11f0-8ea9-acde48001122" x-ms-artifact-checksum="db22f8a9a61734347e52580ba46ac3c7a5d7c69192aba4f2ddfe41321002e3d3" X-ARR-LOG-ID="dbbaabfe-abe9-11f0-8ea9-acde48001122" CLIENT-IP="139.218.109.170:64003" X-SITE-DEPLOYMENT-ID="medmsg-frontend" WAS-DEFAULT-HOSTNAME="medmsg-frontend.scm.azurewebsites.net" X-Forwarded-Proto="https" X-AppService-Proto="https" X-Forwarded-TlsVersion="1.3" X-WAWS-Unencoded-URL="/api/publish?type=zip" X-Client-IP="139.218.109.170" X-Client-Port="64003" >
  <step title="OneDeploy" date="2025-10-18T06:15:42.148" >
    <step title="Starting PushDeployAsync" date="2025-10-18T06:15:42.226" /><!-- duration: 20ms -->
    <step title="Removing node_modules symlink" date="2025-10-18T06:15:42.318" >
      <step title="Writing artifact to /tmp/zipdeploy/64acdbf8-7126-4a9e-a65a-2b6c7940ec79.zip" date="2025-10-18T06:15:42.437" >
        <step title="Writing multipart request body to /tmp/zipdeploy/64acdbf8-7126-4a9e-a65a-2b6c7940ec79.zip" date="2025-10-18T06:15:42.447" /><!-- duration: 19ms -->
      </step><!-- duration: 259ms -->
      <step title="Attempting to fetch target branch HEAD" date="2025-10-18T06:15:42.719" /><!-- duration: 9ms -->
      <step title="Acquiring Deployment Lock" date="2025-10-18T06:15:42.738" /><!-- duration: 4ms -->
      <step title="Acquired Deployment Lock" date="2025-10-18T06:15:42.768" /><!-- duration: 3ms -->
      <step title="Performing fetch based deployment" date="2025-10-18T06:15:42.790" >
        <step title="Creating temporary deployment" date="2025-10-18T06:15:42.798" /><!-- duration: 95ms -->
        <step title="Releasing Deployment Lock" date="2025-10-18T06:15:44.058" /><!-- duration: 12ms -->
        <step title="Cleaning up temp folders from previous zip deployments and extracting pushed zip file /tmp/zipdeploy/64acdbf8-7126-4a9e-a65a-2b6c7940ec79.zip (0.50 MB) to /tmp/zipdeploy/extracted" date="2025-10-18T06:15:44.097" >
          <step title="ChmodRecursive Process exited with total time taken in ms: 58" date="2025-10-18T06:15:44.369" /><!-- duration: 3ms -->
        </step><!-- duration: 280ms -->
        <step title="None repository commit" date="2025-10-18T06:15:44.390" >
          <step title="Commit id: 7b7cd0f0-b67a-44fb-ba69-2ccf83838d84" date="2025-10-18T06:15:44.394" Message="OneDeploy" AuthorName="N/A" AuthorEmail="N/A" /><!-- duration: 3ms -->
        </step><!-- duration: 9ms -->
        <step title="Deployment timer started" date="2025-10-18T06:15:46.415" >
          <step title="DeploymentManager.Deploy(id:7b7cd0f0-b67a-44fb-ba69-2ccf83838d84)" date="2025-10-18T06:15:46.421" >
            <step title="Collecting changeset information" date="2025-10-18T06:15:46.447" /><!-- duration: 98ms -->
            <step title="Updating submodules" date="2025-10-18T06:15:46.550" /><!-- duration: 1144ms -->
            <step title="Determining deployment builder" date="2025-10-18T06:15:48.055" >
              <step title="Builder is OneDeployBuilder" date="2025-10-18T06:15:48.073" /><!-- duration: 4ms -->
            </step><!-- duration: 26ms -->
            <step title="PreDeployment: context.CleanOutputPath False" date="2025-10-18T06:15:48.139" >
              <step title="PreDeployment: context.OutputPath /home/site/wwwroot" date="2025-10-18T06:15:48.304" >
                <step title="Building" date="2025-10-18T06:15:48.459" >
                  <step title="Executing external process" date="2025-10-18T06:15:48.997" type="process" path="starter.sh" arguments="/opt/Kudu/Scripts/parallel_rsync.sh /tmp/zipdeploy/extracted /home/site/wwwroot 8 /tmp/ False False  " /><!-- duration: 4250ms -->
                  <step title="Modified file to trigger a restart of the app container." date="2025-10-18T06:15:53.732" /><!-- duration: 3ms -->
                  <step title="Skip function trigger and logicapp sync because function is not enabled." date="2025-10-18T06:15:53.754" /><!-- duration: 10ms -->
                </step><!-- duration: 6281ms -->
              </step><!-- duration: 6442ms -->
              <step title="Cleaning up temp files" date="2025-10-18T06:15:54.749" /><!-- duration: 3ms -->
              <step title="Cleaning up temp files" date="2025-10-18T06:15:54.794" /><!-- duration: 508ms -->
              <step title="Reloading status file with latest updates" date="2025-10-18T06:15:55.324" >
                <step title="WebHooksManager.PublishEventAsync: PostDeployment" date="2025-10-18T06:15:55.328" /><!-- duration: 55ms -->
              </step><!-- duration: 61ms -->
              <step title="Cleaning up temporary deployment - fetch deployment was successful" date="2025-10-18T06:15:55.390" /><!-- duration: 3ms -->
            </step><!-- duration: 7326ms -->
          </step><!-- duration: 9048ms -->
          <step title="Outgoing response" date="2025-10-18T06:15:55.481" type="response" statusCode="200" statusText="OK" /><!-- duration: 3ms -->
        </step><!-- duration: 9072ms -->
