<step title="Incoming Request" date="2025-10-18T06:03:06.353" instance="bbcb4c" url="/api/publish?type=zip" method="POST" type="request" pid="820,1,40" Accept="*/*" Host="medmsg-frontend.scm.azurewebsites.net" User-Agent="AZURECLI/2.77.0 (PIP)" Accept-Encoding="gzip, deflate" Authorization="Bea..." Cache-Control="no-cache" Content-Type="application/octet-stream" Cookie="ARRAffinity=bbcb4c6fd5316a15e062b65e948155d87c5a54dc6f0b6d37b17d78764689fc4a; ARRAffinitySameSite=bbcb4c6fd5316a15e062b65e948155d87c5a54dc6f0b6d37b17d78764689fc4a" Content-Length="524628" x-ms-client-request-id="1896f7aa-abe8-11f0-95e5-acde48001122" x-ms-artifact-checksum="53207fbddf594fae037f65577320ad84e54347a6285aaeab6c25ba15788bfcd6" X-ARR-LOG-ID="1896f7aa-abe8-11f0-95e5-acde48001122" CLIENT-IP="139.218.109.170:63720" X-SITE-DEPLOYMENT-ID="medmsg-frontend" WAS-DEFAULT-HOSTNAME="medmsg-frontend.scm.azurewebsites.net" X-Forwarded-Proto="https" X-AppService-Proto="https" X-Forwarded-TlsVersion="1.3" X-WAWS-Unencoded-URL="/api/publish?type=zip" X-Client-IP="139.218.109.170" X-Client-Port="63720" >
  <step title="Cleanup Xml Logs" date="2025-10-18T06:03:06.356" /><!-- duration: 5ms -->
  <step title="OneDeploy" date="2025-10-18T06:03:06.454" >
    <step title="Starting PushDeployAsync" date="2025-10-18T06:03:06.468" /><!-- duration: 3ms -->
    <step title="Removing node_modules symlink" date="2025-10-18T06:03:06.483" >
      <step title="Writing artifact to /tmp/zipdeploy/9b6e1a2a-2a83-4cfc-8ef5-52fda3a0534f.zip" date="2025-10-18T06:03:06.636" >
        <step title="Writing multipart request body to /tmp/zipdeploy/9b6e1a2a-2a83-4cfc-8ef5-52fda3a0534f.zip" date="2025-10-18T06:03:06.795" /><!-- duration: 163ms -->
      </step><!-- duration: 724ms -->
      <step title="Attempting to fetch target branch HEAD" date="2025-10-18T06:03:07.439" /><!-- duration: 11ms -->
      <step title="Acquiring Deployment Lock" date="2025-10-18T06:03:07.521" /><!-- duration: 10ms -->
      <step title="Acquired Deployment Lock" date="2025-10-18T06:03:07.670" /><!-- duration: 40ms -->
      <step title="Performing fetch based deployment" date="2025-10-18T06:03:07.812" >
        <step title="Creating temporary deployment" date="2025-10-18T06:03:07.891" /><!-- duration: 173ms -->
        <step title="Releasing Deployment Lock" date="2025-10-18T06:03:09.512" /><!-- duration: 9ms -->
        <step title="Cleaning up temp folders from previous zip deployments and extracting pushed zip file /tmp/zipdeploy/9b6e1a2a-2a83-4cfc-8ef5-52fda3a0534f.zip (0.50 MB) to /tmp/zipdeploy/extracted" date="2025-10-18T06:03:09.554" >
          <step title="ChmodRecursive Process exited with total time taken in ms: 42" date="2025-10-18T06:03:09.753" /><!-- duration: 4ms -->
        </step><!-- duration: 210ms -->
        <step title="None repository commit" date="2025-10-18T06:03:09.779" >
          <step title="Commit id: 12b08413-9cc8-4a5c-a08f-0245915f0114" date="2025-10-18T06:03:09.782" Message="OneDeploy" AuthorName="N/A" AuthorEmail="N/A" /><!-- duration: 4ms -->
        </step><!-- duration: 11ms -->
        <step title="Deployment timer started" date="2025-10-18T06:03:11.806" >
          <step title="DeploymentManager.Deploy(id:12b08413-9cc8-4a5c-a08f-0245915f0114)" date="2025-10-18T06:03:11.812" >
            <step title="Collecting changeset information" date="2025-10-18T06:03:11.838" /><!-- duration: 116ms -->
            <step title="Updating submodules" date="2025-10-18T06:03:11.961" /><!-- duration: 1184ms -->
            <step title="Determining deployment builder" date="2025-10-18T06:03:13.468" >
              <step title="Builder is OneDeployBuilder" date="2025-10-18T06:03:13.484" /><!-- duration: 3ms -->
            </step><!-- duration: 23ms -->
            <step title="PreDeployment: context.CleanOutputPath False" date="2025-10-18T06:03:13.562" >
              <step title="PreDeployment: context.OutputPath /home/site/wwwroot" date="2025-10-18T06:03:13.730" >
                <step title="Building" date="2025-10-18T06:03:13.925" >
                  <step title="Executing external process" date="2025-10-18T06:03:15.094" type="process" path="starter.sh" arguments="/opt/Kudu/Scripts/parallel_rsync.sh /tmp/zipdeploy/extracted /home/site/wwwroot 8 /tmp/ False False  " /><!-- duration: 6286ms -->
                  <step title="Modified file to trigger a restart of the app container." date="2025-10-18T06:03:21.860" /><!-- duration: 3ms -->
                  <step title="Skip function trigger and logicapp sync because function is not enabled." date="2025-10-18T06:03:21.874" /><!-- duration: 4ms -->
                </step><!-- duration: 9067ms -->
              </step><!-- duration: 9284ms -->
              <step title="Cleaning up temp files" date="2025-10-18T06:03:23.022" /><!-- duration: 10ms -->
              <step title="Cleaning up temp files" date="2025-10-18T06:03:23.043" /><!-- duration: 519ms -->
              <step title="Reloading status file with latest updates" date="2025-10-18T06:03:23.593" >
                <step title="WebHooksManager.PublishEventAsync: PostDeployment" date="2025-10-18T06:03:23.599" /><!-- duration: 54ms -->
              </step><!-- duration: 63ms -->
              <step title="Cleaning up temporary deployment - fetch deployment was successful" date="2025-10-18T06:03:23.664" /><!-- duration: 4ms -->
            </step><!-- duration: 10225ms -->
          </step><!-- duration: 11980ms -->
          <step title="Outgoing response" date="2025-10-18T06:03:23.798" type="response" statusCode="200" statusText="OK" /><!-- duration: 11ms -->
        </step><!-- duration: 12015ms -->
