<step title="Incoming Request" date="2025-10-18T06:27:32.810" instance="bbcb4c" url="/api/publish?type=zip" method="POST" type="request" pid="820,1,54" Accept="*/*" Host="medmsg-frontend.scm.azurewebsites.net" User-Agent="AZURECLI/2.77.0 (PIP)" Accept-Encoding="gzip, deflate" Authorization="Bea..." Cache-Control="no-cache" Content-Type="application/octet-stream" Cookie="ARRAffinity=bbcb4c6fd5316a15e062b65e948155d87c5a54dc6f0b6d37b17d78764689fc4a; ARRAffinitySameSite=bbcb4c6fd5316a15e062b65e948155d87c5a54dc6f0b6d37b17d78764689fc4a" Content-Length="525155" x-ms-client-request-id="82305820-abeb-11f0-9ccd-acde48001122" x-ms-artifact-checksum="9334e0c313fef54e513fac05a5dbd81499f26f99911b334e3ba2ee3d8aeaa55a" X-ARR-LOG-ID="82305820-abeb-11f0-9ccd-acde48001122" CLIENT-IP="139.218.109.170:64235" X-SITE-DEPLOYMENT-ID="medmsg-frontend" WAS-DEFAULT-HOSTNAME="medmsg-frontend.scm.azurewebsites.net" X-Forwarded-Proto="https" X-AppService-Proto="https" X-Forwarded-TlsVersion="1.3" X-WAWS-Unencoded-URL="/api/publish?type=zip" X-Client-IP="139.218.109.170" X-Client-Port="64235" >
  <step title="OneDeploy" date="2025-10-18T06:27:32.895" >
    <step title="Starting PushDeployAsync" date="2025-10-18T06:27:32.911" /><!-- duration: 4ms -->
    <step title="Removing node_modules symlink" date="2025-10-18T06:27:32.965" >
      <step title="Writing artifact to /tmp/zipdeploy/76152a6e-0c02-4002-ac5f-b2b749f2ee20.zip" date="2025-10-18T06:27:33.043" >
        <step title="Writing multipart request body to /tmp/zipdeploy/76152a6e-0c02-4002-ac5f-b2b749f2ee20.zip" date="2025-10-18T06:27:33.050" /><!-- duration: 13ms -->
      </step><!-- duration: 115ms -->
      <step title="Attempting to fetch target branch HEAD" date="2025-10-18T06:27:33.193" /><!-- duration: 4ms -->
      <step title="Acquiring Deployment Lock" date="2025-10-18T06:27:33.209" /><!-- duration: 3ms -->
      <step title="Acquired Deployment Lock" date="2025-10-18T06:27:33.255" /><!-- duration: 13ms -->
      <step title="Performing fetch based deployment" date="2025-10-18T06:27:33.281" >
        <step title="Creating temporary deployment" date="2025-10-18T06:27:33.290" /><!-- duration: 75ms -->
        <step title="Releasing Deployment Lock" date="2025-10-18T06:27:34.549" /><!-- duration: 7ms -->
        <step title="Cleaning up temp folders from previous zip deployments and extracting pushed zip file /tmp/zipdeploy/76152a6e-0c02-4002-ac5f-b2b749f2ee20.zip (0.50 MB) to /tmp/zipdeploy/extracted" date="2025-10-18T06:27:34.590" >
          <step title="ChmodRecursive Process exited with total time taken in ms: 40" date="2025-10-18T06:27:34.739" /><!-- duration: 3ms -->
        </step><!-- duration: 158ms -->
        <step title="None repository commit" date="2025-10-18T06:27:34.761" >
          <step title="Commit id: 62d3cfcd-4528-415b-b3ae-907abf80c080" date="2025-10-18T06:27:34.767" Message="OneDeploy" AuthorName="N/A" AuthorEmail="N/A" /><!-- duration: 4ms -->
        </step><!-- duration: 13ms -->
        <step title="Deployment timer started" date="2025-10-18T06:27:36.788" >
          <step title="DeploymentManager.Deploy(id:62d3cfcd-4528-415b-b3ae-907abf80c080)" date="2025-10-18T06:27:36.797" >
            <step title="Collecting changeset information" date="2025-10-18T06:27:36.819" /><!-- duration: 127ms -->
            <step title="Updating submodules" date="2025-10-18T06:27:36.952" /><!-- duration: 1144ms -->
            <step title="Determining deployment builder" date="2025-10-18T06:27:38.423" >
              <step title="Builder is OneDeployBuilder" date="2025-10-18T06:27:38.448" /><!-- duration: 11ms -->
            </step><!-- duration: 49ms -->
            <step title="PreDeployment: context.CleanOutputPath False" date="2025-10-18T06:27:38.551" >
              <step title="PreDeployment: context.OutputPath /home/site/wwwroot" date="2025-10-18T06:27:38.696" >
                <step title="Building" date="2025-10-18T06:27:38.869" >
                  <step title="Executing external process" date="2025-10-18T06:27:39.533" type="process" path="starter.sh" arguments="/opt/Kudu/Scripts/parallel_rsync.sh /tmp/zipdeploy/extracted /home/site/wwwroot 8 /tmp/ False False  " /><!-- duration: 4152ms -->
                  <step title="Modified file to trigger a restart of the app container." date="2025-10-18T06:27:44.227" /><!-- duration: 3ms -->
                  <step title="Skip function trigger and logicapp sync because function is not enabled." date="2025-10-18T06:27:44.239" /><!-- duration: 4ms -->
                </step><!-- duration: 6656ms -->
              </step><!-- duration: 6838ms -->
              <step title="Cleaning up temp files" date="2025-10-18T06:27:45.539" /><!-- duration: 5ms -->
              <step title="Cleaning up temp files" date="2025-10-18T06:27:45.555" /><!-- duration: 527ms -->
              <step title="Reloading status file with latest updates" date="2025-10-18T06:27:46.148" >
                <step title="WebHooksManager.PublishEventAsync: PostDeployment" date="2025-10-18T06:27:46.152" /><!-- duration: 40ms -->
              </step><!-- duration: 46ms -->
              <step title="Cleaning up temporary deployment - fetch deployment was successful" date="2025-10-18T06:27:46.203" /><!-- duration: 4ms -->
            </step><!-- duration: 7726ms -->
          </step><!-- duration: 9483ms -->
          <step title="Outgoing response" date="2025-10-18T06:27:46.288" type="response" statusCode="200" statusText="OK" /><!-- duration: 4ms -->
        </step><!-- duration: 9507ms -->
