<step title="Incoming Request" date="2025-10-18T11:02:59.048" instance="bbcb4c" url="/api/publish?type=zip" method="POST" type="request" pid="823,1,85" Accept="*/*" Host="medmsg-frontend.scm.azurewebsites.net" User-Agent="AZURECLI/2.77.0 (PIP)" Accept-Encoding="gzip, deflate" Authorization="Bea..." Cache-Control="no-cache" Content-Type="application/octet-stream" Cookie="ARRAffinity=bbcb4c6fd5316a15e062b65e948155d87c5a54dc6f0b6d37b17d78764689fc4a; ARRAffinitySameSite=bbcb4c6fd5316a15e062b65e948155d87c5a54dc6f0b6d37b17d78764689fc4a" Content-Length="525456" x-ms-client-request-id="fdc166ca-ac11-11f0-965c-2af8bc5f4b79" x-ms-artifact-checksum="d29a7e5853e8e791f386cc7991f4b783d66552e6372b8173c20711cd60f92ae0" X-ARR-LOG-ID="fdc166ca-ac11-11f0-965c-2af8bc5f4b79" CLIENT-IP="139.218.109.170:50455" X-SITE-DEPLOYMENT-ID="medmsg-frontend" WAS-DEFAULT-HOSTNAME="medmsg-frontend.scm.azurewebsites.net" X-Forwarded-Proto="https" X-AppService-Proto="https" X-Forwarded-TlsVersion="1.3" X-WAWS-Unencoded-URL="/api/publish?type=zip" X-Client-IP="139.218.109.170" X-Client-Port="50455" >
  <step title="OneDeploy" date="2025-10-18T11:02:59.105" >
    <step title="Starting PushDeployAsync" date="2025-10-18T11:02:59.116" /><!-- duration: 6ms -->
    <step title="Removing node_modules symlink" date="2025-10-18T11:02:59.188" >
      <step title="Removing _del_node_modules symlink" date="2025-10-18T11:02:59.346" >
        <step title="Writing artifact to /tmp/zipdeploy/0aa4ef23-b054-4ef8-8834-bbf9dce346d7.zip" date="2025-10-18T11:02:59.422" >
          <step title="Writing multipart request body to /tmp/zipdeploy/0aa4ef23-b054-4ef8-8834-bbf9dce346d7.zip" date="2025-10-18T11:02:59.427" /><!-- duration: 17ms -->
        </step><!-- duration: 114ms -->
        <step title="Attempting to fetch target branch HEAD" date="2025-10-18T11:02:59.549" /><!-- duration: 3ms -->
        <step title="Acquiring Deployment Lock" date="2025-10-18T11:02:59.557" /><!-- duration: 8ms -->
        <step title="Acquired Deployment Lock" date="2025-10-18T11:02:59.592" /><!-- duration: 5ms -->
        <step title="Performing fetch based deployment" date="2025-10-18T11:02:59.606" >
          <step title="Creating temporary deployment" date="2025-10-18T11:02:59.617" /><!-- duration: 105ms -->
          <step title="Releasing Deployment Lock" date="2025-10-18T11:03:00.904" /><!-- duration: 9ms -->
          <step title="Cleaning up temp folders from previous zip deployments and extracting pushed zip file /tmp/zipdeploy/0aa4ef23-b054-4ef8-8834-bbf9dce346d7.zip (0.50 MB) to /tmp/zipdeploy/extracted" date="2025-10-18T11:03:01.014" >
            <step title="ChmodRecursive Process exited with total time taken in ms: 39" date="2025-10-18T11:03:01.176" /><!-- duration: 10ms -->
          </step><!-- duration: 182ms -->
          <step title="None repository commit" date="2025-10-18T11:03:01.200" >
            <step title="Commit id: ec398c50-301b-4aee-bc5f-84ce6ce67aea" date="2025-10-18T11:03:01.207" Message="OneDeploy" AuthorName="N/A" AuthorEmail="N/A" /><!-- duration: 3ms -->
          </step><!-- duration: 14ms -->
          <step title="Deployment timer started" date="2025-10-18T11:03:03.238" >
            <step title="DeploymentManager.Deploy(id:ec398c50-301b-4aee-bc5f-84ce6ce67aea)" date="2025-10-18T11:03:03.275" >
              <step title="Collecting changeset information" date="2025-10-18T11:03:03.297" /><!-- duration: 182ms -->
              <step title="Updating submodules" date="2025-10-18T11:03:03.517" /><!-- duration: 1161ms -->
              <step title="Determining deployment builder" date="2025-10-18T11:03:05.604" >
                <step title="Builder is OneDeployBuilder" date="2025-10-18T11:03:05.684" /><!-- duration: 11ms -->
              </step><!-- duration: 95ms -->
              <step title="PreDeployment: context.CleanOutputPath False" date="2025-10-18T11:03:05.753" >
                <step title="PreDeployment: context.OutputPath /home/site/wwwroot" date="2025-10-18T11:03:05.889" >
                  <step title="Building" date="2025-10-18T11:03:06.021" >
                    <step title="Executing external process" date="2025-10-18T11:03:06.932" type="process" path="starter.sh" arguments="/opt/Kudu/Scripts/parallel_rsync.sh /tmp/zipdeploy/extracted /home/site/wwwroot 8 /tmp/ False False  " /><!-- duration: 5544ms -->
                    <step title="Modified file to trigger a restart of the app container." date="2025-10-18T11:03:12.991" /><!-- duration: 4ms -->
                    <step title="Skip function trigger and logicapp sync because function is not enabled." date="2025-10-18T11:03:13.010" /><!-- duration: 4ms -->
                  </step><!-- duration: 8073ms -->
                </step><!-- duration: 8209ms -->
                <step title="Cleaning up temp files" date="2025-10-18T11:03:14.101" /><!-- duration: 4ms -->
                <step title="Cleaning up temp files" date="2025-10-18T11:03:14.110" /><!-- duration: 531ms -->
                <step title="Reloading status file with latest updates" date="2025-10-18T11:03:14.751" >
                  <step title="WebHooksManager.PublishEventAsync: PostDeployment" date="2025-10-18T11:03:14.820" /><!-- duration: 102ms -->
                </step><!-- duration: 181ms -->
                <step title="Cleaning up temporary deployment - fetch deployment was successful" date="2025-10-18T11:03:14.963" /><!-- duration: 20ms -->
              </step><!-- duration: 9338ms -->
            </step><!-- duration: 11820ms -->
            <step title="Outgoing response" date="2025-10-18T11:03:15.101" type="response" statusCode="200" statusText="OK" /><!-- duration: 5ms -->
          </step><!-- duration: 11872ms -->
