﻿<?xml version="1.0" encoding="utf-8"?>
<deployment>
  <id>63630363-4b3a-4b1e-9f61-f12e6c40e49e</id>
  <author>N/A</author>
  <deployer>OneDeploy</deployer>
  <authorEmail>N/A</authorEmail>
  <message>OneDeploy</message>
  <progress></progress>
  <status>Success</status>
  <statusText></statusText>
  <lastSuccessEndTime>2025-10-18T05:50:59.2997863Z</lastSuccessEndTime>
  <receivedTime>2025-10-18T05:50:50.3725582Z</receivedTime>
  <startTime>2025-10-18T05:50:51.7557674Z</startTime>
  <endTime>2025-10-18T05:50:59.2997863Z</endTime>
  <complete>True</complete>
  <is_temp>False</is_temp>
  <is_readonly>True</is_readonly>
  <buildSummary />
</deployment>