﻿<?xml version="1.0" encoding="utf-8"?>
<deployment>
  <id>62d3cfcd-4528-415b-b3ae-907abf80c080</id>
  <author>N/A</author>
  <deployer>OneDeploy</deployer>
  <authorEmail>N/A</authorEmail>
  <message>OneDeploy</message>
  <progress></progress>
  <status>Success</status>
  <statusText></statusText>
  <lastSuccessEndTime>2025-10-18T06:27:44.6491354Z</lastSuccessEndTime>
  <receivedTime>2025-10-18T06:27:36.8535189Z</receivedTime>
  <startTime>2025-10-18T06:27:38.3198558Z</startTime>
  <endTime>2025-10-18T06:27:44.6491354Z</endTime>
  <complete>True</complete>
  <is_temp>False</is_temp>
  <is_readonly>True</is_readonly>
  <buildSummary />
</deployment>