﻿<?xml version="1.0" encoding="utf-8"?>
<deployment>
  <id>12b08413-9cc8-4a5c-a08f-0245915f0114</id>
  <author>N/A</author>
  <deployer>OneDeploy</deployer>
  <authorEmail>N/A</authorEmail>
  <message>OneDeploy</message>
  <progress></progress>
  <status>Success</status>
  <statusText></statusText>
  <lastSuccessEndTime>2025-10-18T06:03:22.283243Z</lastSuccessEndTime>
  <receivedTime>2025-10-18T06:03:11.8675744Z</receivedTime>
  <startTime>2025-10-18T06:03:13.3962434Z</startTime>
  <endTime>2025-10-18T06:03:22.283243Z</endTime>
  <complete>True</complete>
  <is_temp>False</is_temp>
  <is_readonly>True</is_readonly>
  <buildSummary />
</deployment>