﻿<?xml version="1.0" encoding="utf-8"?>
<deployment>
  <id>ec398c50-301b-4aee-bc5f-84ce6ce67aea</id>
  <author>N/A</author>
  <deployer>OneDeploy</deployer>
  <authorEmail>N/A</authorEmail>
  <message>OneDeploy</message>
  <progress></progress>
  <status>Success</status>
  <statusText></statusText>
  <lastSuccessEndTime>2025-10-18T11:03:13.3968469Z</lastSuccessEndTime>
  <receivedTime>2025-10-18T11:03:03.3588389Z</receivedTime>
  <startTime>2025-10-18T11:03:05.4808149Z</startTime>
  <endTime>2025-10-18T11:03:13.3968469Z</endTime>
  <complete>True</complete>
  <is_temp>False</is_temp>
  <is_readonly>True</is_readonly>
  <buildSummary />
</deployment>