﻿<?xml version="1.0" encoding="utf-8"?>
<deployment>
  <id>abeb4ea6-d7d0-41e6-9c13-e2d0c84f120c</id>
  <author>N/A</author>
  <deployer>OneDeploy</deployer>
  <authorEmail>N/A</authorEmail>
  <message>OneDeploy</message>
  <progress></progress>
  <status>Success</status>
  <statusText></statusText>
  <lastSuccessEndTime>2025-10-18T11:18:37.1725209Z</lastSuccessEndTime>
  <receivedTime>2025-10-18T11:17:55.5205512Z</receivedTime>
  <startTime>2025-10-18T11:17:56.8687424Z</startTime>
  <endTime>2025-10-18T11:18:37.1725209Z</endTime>
  <complete>True</complete>
  <is_temp>False</is_temp>
  <is_readonly>True</is_readonly>
  <buildSummary />
</deployment>