﻿<?xml version="1.0" encoding="utf-8"?>
<deployment>
  <id>5a61917f-918c-42bd-ba09-e682a0171f84</id>
  <author>N/A</author>
  <deployer>OneDeploy</deployer>
  <authorEmail>N/A</authorEmail>
  <message>OneDeploy</message>
  <progress></progress>
  <status>Success</status>
  <statusText></statusText>
  <lastSuccessEndTime>2025-10-18T12:06:14.2052722Z</lastSuccessEndTime>
  <receivedTime>2025-10-18T12:06:06.7067515Z</receivedTime>
  <startTime>2025-10-18T12:06:08.129093Z</startTime>
  <endTime>2025-10-18T12:06:14.2052722Z</endTime>
  <complete>True</complete>
  <is_temp>False</is_temp>
  <is_readonly>True</is_readonly>
  <buildSummary />
</deployment>